cliente_id," caja_concepto_id"," cuenta_contable_id"," cuenta_recargo_id"," fecha_pago"," monto"," inicial_bnd"," pagado_bnd"," plan_pago_ln_id"," usu_alta_id"," usu_mod_id"," created_at"," update_at"," deleted_at"," combinacion_cliente_id"," caja_id"
71423,10647,46,0,0,2019-06-01,200,1,0,1808,1,1,NULL,NULL,NULL,8866,0
71424,23005,46,0,0,2019-06-01,200,1,0,1808,1,1,NULL,NULL,NULL,11098,0
71425,23802,46,0,0,2019-06-01,200,1,0,1808,1,1,NULL,NULL,NULL,11201,0
71426,24433,46,0,0,2019-06-01,200,1,0,1808,1,1,NULL,NULL,NULL,11387,0
71427,26196,46,0,0,2019-06-01,200,1,0,1808,1,1,NULL,NULL,NULL,11547,0
71428,26321,46,0,0,2019-06-01,200,1,0,1808,1,1,NULL,NULL,NULL,11575,0
71429,26105,46,0,0,2019-06-01,200,1,0,1808,1,1,NULL,NULL,NULL,11859,0
71430,23512,46,0,0,2019-06-01,200,1,0,1808,1,1,NULL,NULL,NULL,11862,0
71431,23457,46,0,0,2019-06-01,200,1,0,1808,1,1,NULL,NULL,NULL,11865,0
71432,23342,46,0,0,2019-06-01,200,1,0,1808,1,1,NULL,NULL,NULL,11890,0
71433,26027,46,0,0,2019-06-01,200,1,0,1808,1,1,NULL,NULL,NULL,11891,0
71434,23662,46,0,0,2019-06-01,200,1,0,1808,1,1,NULL,NULL,NULL,11893,0
71435,24004,46,0,0,2019-06-01,200,1,0,1808,1,1,NULL,NULL,NULL,11894,0
71436,22977,46,0,0,2019-06-01,200,1,0,1808,1,1,NULL,NULL,NULL,11895,0
71437,22870,46,0,0,2019-06-01,200,1,0,1808,1,1,NULL,NULL,NULL,11898,0
71438,24597,46,0,0,2019-06-01,200,1,0,1808,1,1,NULL,NULL,NULL,11901,0
71439,26276,46,0,0,2019-06-01,200,1,0,1808,1,1,NULL,NULL,NULL,11902,0
71440,22755,46,0,0,2019-06-01,200,1,0,1808,1,1,NULL,NULL,NULL,11903,0
71441,24243,46,0,0,2019-06-01,200,1,0,1808,1,1,NULL,NULL,NULL,11904,0
71442,23159,46,0,0,2019-06-01,200,1,0,1808,1,1,NULL,NULL,NULL,11905,0
71443,27639,46,0,0,2019-06-01,200,1,0,1808,1,1,NULL,NULL,NULL,11915,0
71444,27640,46,0,0,2019-06-01,200,1,0,1808,1,1,NULL,NULL,NULL,11916,0
71445,27641,46,0,0,2019-06-01,200,1,0,1808,1,1,NULL,NULL,NULL,11917,0
71446,27643,46,0,0,2019-06-01,200,1,0,1808,1,1,NULL,NULL,NULL,11919,0
71447,29042,46,0,0,2019-06-01,200,1,0,1808,1,1,NULL,NULL,NULL,12113,0
71448,29061,46,0,0,2019-06-01,200,1,0,1808,1,1,NULL,NULL,NULL,12123,0
71449,23999,46,0,0,2019-06-01,200,1,0,1808,1,1,NULL,NULL,NULL,12586,0
71450,23106,46,0,0,2019-06-01,200,1,0,1808,1,1,NULL,NULL,NULL,12592,0
71451,22968,46,0,0,2019-06-01,200,1,0,1808,1,1,NULL,NULL,NULL,12594,0
71452,23851,46,0,0,2019-06-01,200,1,0,1808,1,1,NULL,NULL,NULL,12596,0
71453,24363,46,0,0,2019-06-01,200,1,0,1808,1,1,NULL,NULL,NULL,12598,0
71454,21159,46,0,0,2019-06-01,200,1,0,1808,1,1,NULL,NULL,NULL,12601,0
71455,23991,46,0,0,2019-06-01,200,1,0,1808,1,1,NULL,NULL,NULL,12603,0
71456,24160,46,0,0,2019-06-01,200,1,0,1808,1,1,NULL,NULL,NULL,12609,0
71457,23838,46,0,0,2019-06-01,200,1,0,1808,1,1,NULL,NULL,NULL,12621,0
71458,25997,46,0,0,2019-06-01,200,1,0,1808,1,1,NULL,NULL,NULL,12622,0
71459,22971,46,0,0,2019-06-01,200,1,0,1808,1,1,NULL,NULL,NULL,12624,0
71460,23134,46,0,0,2019-06-01,200,1,0,1808,1,1,NULL,NULL,NULL,12625,0
71461,22732,46,0,0,2019-06-01,200,1,0,1808,1,1,NULL,NULL,NULL,12627,0
71462,23909,46,0,0,2019-06-01,200,1,0,1808,1,1,NULL,NULL,NULL,12628,0
71463,26072,46,0,0,2019-06-01,200,1,0,1808,1,1,NULL,NULL,NULL,12629,0
71464,26214,46,0,0,2019-06-01,200,1,0,1808,1,1,NULL,NULL,NULL,12630,0
71465,23752,46,0,0,2019-06-01,200,1,0,1808,1,1,NULL,NULL,NULL,12631,0
71466,26088,46,0,0,2019-06-01,200,1,0,1808,1,1,NULL,NULL,NULL,12632,0
71467,21689,46,0,0,2019-06-01,200,1,0,1808,1,1,NULL,NULL,NULL,12634,0
71468,26217,46,0,0,2019-06-01,200,1,0,1808,1,1,NULL,NULL,NULL,12640,0
71469,23755,46,0,0,2019-06-01,200,1,0,1808,1,1,NULL,NULL,NULL,12641,0
71470,23840,46,0,0,2019-06-01,200,1,0,1808,1,1,NULL,NULL,NULL,12642,0
71471,21403,46,0,0,2019-06-01,200,1,0,1808,1,1,NULL,NULL,NULL,12643,0
71472,23756,46,0,0,2019-06-01,200,1,0,1808,1,1,NULL,NULL,NULL,12644,0
71473,24245,46,0,0,2019-06-01,200,1,0,1808,1,1,NULL,NULL,NULL,12778,0
71474,24617,46,0,0,2019-06-01,200,1,0,1808,1,1,NULL,NULL,NULL,12779,0
71475,24128,46,0,0,2019-06-01,200,1,0,1808,1,1,NULL,NULL,NULL,12780,0
71476,24615,46,0,0,2019-06-01,200,1,0,1808,1,1,NULL,NULL,NULL,12781,0
71477,23203,46,0,0,2019-06-01,200,1,0,1808,1,1,NULL,NULL,NULL,12782,0
71478,26078,46,0,0,2019-06-01,200,1,0,1808,1,1,NULL,NULL,NULL,12783,0
71479,26258,46,0,0,2019-06-01,200,1,0,1808,1,1,NULL,NULL,NULL,12784,0
71480,26147,46,0,0,2019-06-01,200,1,0,1808,1,1,NULL,NULL,NULL,12894,0
71481,24043,46,0,0,2019-06-01,200,1,0,1808,1,1,NULL,NULL,NULL,12895,0
71482,23619,46,0,0,2019-06-01,200,1,0,1808,1,1,NULL,NULL,NULL,12898,0
71483,24643,46,0,0,2019-06-01,200,1,0,1808,1,1,NULL,NULL,NULL,12899,0
71484,25979,46,0,0,2019-06-01,200,1,0,1808,1,1,NULL,NULL,NULL,12900,0
71485,24041,46,0,0,2019-06-01,200,1,0,1808,1,1,NULL,NULL,NULL,12902,0
71486,23091,46,0,0,2019-06-01,200,1,0,1808,1,1,NULL,NULL,NULL,12944,0
71487,23190,46,0,0,2019-06-01,200,1,0,1808,1,1,NULL,NULL,NULL,12949,0
71488,24378,46,0,0,2019-06-01,200,1,0,1808,1,1,NULL,NULL,NULL,12953,0
71489,29029,46,0,0,2019-06-01,200,1,0,1808,1,1,NULL,NULL,NULL,12954,0
71490,29051,46,0,0,2019-06-01,200,1,0,1808,1,1,NULL,NULL,NULL,12955,0
71491,28876,46,0,0,2019-06-01,200,1,0,1808,1,1,NULL,NULL,NULL,12956,0
71492,26075,46,0,0,2019-06-01,200,1,0,1808,1,1,NULL,NULL,NULL,13058,0
71493,26076,46,0,0,2019-06-01,200,1,0,1808,1,1,NULL,NULL,NULL,13060,0
71494,24647,46,0,0,2019-06-01,200,1,0,1808,1,1,NULL,NULL,NULL,13061,0
71495,23452,46,0,0,2019-06-01,200,1,0,1808,1,1,NULL,NULL,NULL,13062,0
71496,26094,46,0,0,2019-06-01,200,1,0,1808,1,1,NULL,NULL,NULL,13063,0
71497,29735,46,0,0,2019-06-01,200,1,0,1808,1,1,NULL,NULL,NULL,13158,0
71498,23229,46,0,0,2019-06-01,200,1,0,1808,1,1,NULL,NULL,NULL,13159,0
71499,8703,46,0,0,2019-06-01,200,1,0,1808,1,1,NULL,NULL,NULL,13160,0
71500,24273,46,0,0,2019-06-01,200,1,0,1808,1,1,NULL,NULL,NULL,13207,0
71501,22237,46,0,0,2019-06-01,200,1,0,1808,1,1,NULL,NULL,NULL,13619,0
71502,9614,46,0,0,2019-06-01,200,1,0,1817,1,1,NULL,NULL,NULL,8717,0
71503,12401,46,0,0,2019-06-01,200,1,0,1817,1,1,NULL,NULL,NULL,9083,0
71504,19736,46,0,0,2019-06-01,200,1,0,1817,1,1,NULL,NULL,NULL,10129,0
71505,20343,46,0,0,2019-06-01,200,1,0,1817,1,1,NULL,NULL,NULL,10265,0
71506,21156,46,0,0,2019-06-01,200,1,0,1817,1,1,NULL,NULL,NULL,10504,0
71507,21748,46,0,0,2019-06-01,200,1,0,1817,1,1,NULL,NULL,NULL,10657,0
71508,21950,46,0,0,2019-06-01,200,1,0,1817,1,1,NULL,NULL,NULL,10738,0
71509,22016,46,0,0,2019-06-01,200,1,0,1817,1,1,NULL,NULL,NULL,10748,0
71510,22161,46,0,0,2019-06-01,200,1,0,1817,1,1,NULL,NULL,NULL,10814,0
71511,20638,46,0,0,2019-06-01,200,1,0,1817,1,1,NULL,NULL,NULL,11892,0
71512,19808,46,0,0,2019-06-01,200,1,0,1817,1,1,NULL,NULL,NULL,11897,0
71513,18076,46,0,0,2019-06-01,200,1,0,1817,1,1,NULL,NULL,NULL,12408,0
71514,21571,46,0,0,2019-06-01,200,1,0,1817,1,1,NULL,NULL,NULL,12414,0
71515,25251,46,0,0,2019-06-01,200,1,0,1817,1,1,NULL,NULL,NULL,12417,0
71516,25247,46,0,0,2019-06-01,200,1,0,1817,1,1,NULL,NULL,NULL,12418,0
71517,25250,46,0,0,2019-06-01,200,1,0,1817,1,1,NULL,NULL,NULL,12419,0
71518,25248,46,0,0,2019-06-01,200,1,0,1817,1,1,NULL,NULL,NULL,12421,0
71519,25512,46,0,0,2019-06-01,200,1,0,1817,1,1,NULL,NULL,NULL,12448,0
71520,18878,46,0,0,2019-06-01,200,1,0,1817,1,1,NULL,NULL,NULL,12449,0
71521,25514,46,0,0,2019-06-01,200,1,0,1817,1,1,NULL,NULL,NULL,12450,0
71522,14770,46,0,0,2019-06-01,200,1,0,1817,1,1,NULL,NULL,NULL,12451,0
71523,22289,46,0,0,2019-06-01,200,1,0,1817,1,1,NULL,NULL,NULL,12452,0
71524,18516,46,0,0,2019-06-01,200,1,0,1817,1,1,NULL,NULL,NULL,12453,0
71525,22358,46,0,0,2019-06-01,200,1,0,1817,1,1,NULL,NULL,NULL,12454,0
71526,19116,46,0,0,2019-06-01,200,1,0,1817,1,1,NULL,NULL,NULL,12455,0
71527,19208,46,0,0,2019-06-01,200,1,0,1817,1,1,NULL,NULL,NULL,12456,0
71528,20924,46,0,0,2019-06-01,200,1,0,1817,1,1,NULL,NULL,NULL,12457,0
71529,19797,46,0,0,2019-06-01,200,1,0,1817,1,1,NULL,NULL,NULL,12458,0
71530,25520,46,0,0,2019-06-01,200,1,0,1817,1,1,NULL,NULL,NULL,12459,0
71531,25524,46,0,0,2019-06-01,200,1,0,1817,1,1,NULL,NULL,NULL,12460,0
71532,21433,46,0,0,2019-06-01,200,1,0,1817,1,1,NULL,NULL,NULL,12461,0
71533,18921,46,0,0,2019-06-01,200,1,0,1817,1,1,NULL,NULL,NULL,12462,0
71534,22175,46,0,0,2019-06-01,200,1,0,1817,1,1,NULL,NULL,NULL,12463,0
71535,25532,46,0,0,2019-06-01,200,1,0,1817,1,1,NULL,NULL,NULL,12464,0
71536,21830,46,0,0,2019-06-01,200,1,0,1817,1,1,NULL,NULL,NULL,12465,0
71537,14564,46,0,0,2019-06-01,200,1,0,1817,1,1,NULL,NULL,NULL,12467,0
71538,15467,46,0,0,2019-06-01,200,1,0,1817,1,1,NULL,NULL,NULL,12468,0
71539,22290,46,0,0,2019-06-01,200,1,0,1817,1,1,NULL,NULL,NULL,12470,0
71540,18981,46,0,0,2019-06-01,200,1,0,1817,1,1,NULL,NULL,NULL,12471,0
71541,18197,46,0,0,2019-06-01,200,1,0,1817,1,1,NULL,NULL,NULL,12472,0
71542,19676,46,0,0,2019-06-01,200,1,0,1817,1,1,NULL,NULL,NULL,12473,0
71543,25529,46,0,0,2019-06-01,200,1,0,1817,1,1,NULL,NULL,NULL,12475,0
71544,25533,46,0,0,2019-06-01,200,1,0,1817,1,1,NULL,NULL,NULL,12477,0
71545,21150,46,0,0,2019-06-01,200,1,0,1817,1,1,NULL,NULL,NULL,12478,0
71546,21690,46,0,0,2019-06-01,200,1,0,1817,1,1,NULL,NULL,NULL,12480,0
71547,15247,46,0,0,2019-06-01,200,1,0,1817,1,1,NULL,NULL,NULL,12481,0
71548,21152,46,0,0,2019-06-01,200,1,0,1817,1,1,NULL,NULL,NULL,12482,0
71549,25506,46,0,0,2019-06-01,200,1,0,1817,1,1,NULL,NULL,NULL,12483,0
71550,20644,46,0,0,2019-06-01,200,1,0,1817,1,1,NULL,NULL,NULL,12484,0
71551,18434,46,0,0,2019-06-01,200,1,0,1817,1,1,NULL,NULL,NULL,12486,0
71552,25525,46,0,0,2019-06-01,200,1,0,1817,1,1,NULL,NULL,NULL,12491,0
71553,21826,46,0,0,2019-06-01,200,1,0,1817,1,1,NULL,NULL,NULL,12492,0
71554,25527,46,0,0,2019-06-01,200,1,0,1817,1,1,NULL,NULL,NULL,12496,0
71555,22544,46,0,0,2019-06-01,200,1,0,1817,1,1,NULL,NULL,NULL,12499,0
71556,20925,46,0,0,2019-06-01,200,1,0,1817,1,1,NULL,NULL,NULL,12500,0
71557,20215,46,0,0,2019-06-01,200,1,0,1817,1,1,NULL,NULL,NULL,12506,0
71558,21261,46,0,0,2019-06-01,200,1,0,1817,1,1,NULL,NULL,NULL,12509,0
71559,25501,46,0,0,2019-06-01,200,1,0,1817,1,1,NULL,NULL,NULL,12511,0
71560,17249,46,0,0,2019-06-01,200,1,0,1817,1,1,NULL,NULL,NULL,12513,0
71561,20927,46,0,0,2019-06-01,200,1,0,1817,1,1,NULL,NULL,NULL,12514,0
71562,25516,46,0,0,2019-06-01,200,1,0,1817,1,1,NULL,NULL,NULL,12517,0
71563,22058,46,0,0,2019-06-01,200,1,0,1817,1,1,NULL,NULL,NULL,12519,0
71564,21695,46,0,0,2019-06-01,200,1,0,1817,1,1,NULL,NULL,NULL,12520,0
71565,19186,46,0,0,2019-06-01,200,1,0,1817,1,1,NULL,NULL,NULL,12522,0
71566,21221,46,0,0,2019-06-01,200,1,0,1817,1,1,NULL,NULL,NULL,12523,0
71567,16687,46,0,0,2019-06-01,200,1,0,1817,1,1,NULL,NULL,NULL,12533,0
71568,25584,46,0,0,2019-06-01,200,1,0,1817,1,1,NULL,NULL,NULL,12537,0
71569,21259,46,0,0,2019-06-01,200,1,0,1817,1,1,NULL,NULL,NULL,12540,0
71570,22598,46,0,0,2019-06-01,200,1,0,1817,1,1,NULL,NULL,NULL,12544,0
71571,21864,46,0,0,2019-06-01,200,1,0,1817,1,1,NULL,NULL,NULL,12546,0
71572,21876,46,0,0,2019-06-01,200,1,0,1817,1,1,NULL,NULL,NULL,12549,0
71573,21371,46,0,0,2019-06-01,200,1,0,1817,1,1,NULL,NULL,NULL,12552,0
71574,21179,46,0,0,2019-06-01,200,1,0,1817,1,1,NULL,NULL,NULL,12716,0
71575,21176,46,0,0,2019-06-01,200,1,0,1817,1,1,NULL,NULL,NULL,12720,0
71576,25916,46,0,0,2019-06-01,200,1,0,1817,1,1,NULL,NULL,NULL,12721,0
71577,10967,46,0,0,2019-06-01,200,1,0,1817,1,1,NULL,NULL,NULL,12725,0
71578,25918,46,0,0,2019-06-01,200,1,0,1817,1,1,NULL,NULL,NULL,12726,0
71579,25919,46,0,0,2019-06-01,200,1,0,1817,1,1,NULL,NULL,NULL,12727,0
71580,25943,46,0,0,2019-06-01,200,1,0,1817,1,1,NULL,NULL,NULL,12728,0
71581,19246,46,0,0,2019-06-01,200,1,0,1817,1,1,NULL,NULL,NULL,12733,0
71582,25332,46,0,0,2019-06-01,200,1,0,1817,1,1,NULL,NULL,NULL,12734,0
71583,25333,46,0,0,2019-06-01,200,1,0,1817,1,1,NULL,NULL,NULL,12736,0
71584,25920,46,0,0,2019-06-01,200,1,0,1817,1,1,NULL,NULL,NULL,12737,0
71585,22287,46,0,0,2019-06-01,200,1,0,1817,1,1,NULL,NULL,NULL,12739,0
71586,22321,46,0,0,2019-06-01,200,1,0,1817,1,1,NULL,NULL,NULL,12740,0
71587,21213,46,0,0,2019-06-01,200,1,0,1817,1,1,NULL,NULL,NULL,12741,0
71588,19245,46,0,0,2019-06-01,200,1,0,1817,1,1,NULL,NULL,NULL,12743,0
71589,25944,46,0,0,2019-06-01,200,1,0,1817,1,1,NULL,NULL,NULL,12745,0
71590,21421,46,0,0,2019-06-01,200,1,0,1817,1,1,NULL,NULL,NULL,12746,0
71591,21164,46,0,0,2019-06-01,200,1,0,1817,1,1,NULL,NULL,NULL,12748,0
71592,21258,46,0,0,2019-06-01,200,1,0,1817,1,1,NULL,NULL,NULL,12754,0
71593,20208,46,0,0,2019-06-01,200,1,0,1817,1,1,NULL,NULL,NULL,12756,0
71594,22148,46,0,0,2019-06-01,200,1,0,1817,1,1,NULL,NULL,NULL,12758,0
71595,25334,46,0,0,2019-06-01,200,1,0,1817,1,1,NULL,NULL,NULL,12759,0
71596,20206,46,0,0,2019-06-01,200,1,0,1817,1,1,NULL,NULL,NULL,12760,0
71597,21277,46,0,0,2019-06-01,200,1,0,1817,1,1,NULL,NULL,NULL,12761,0
71598,19100,46,0,0,2019-06-01,200,1,0,1817,1,1,NULL,NULL,NULL,12773,0
71599,21110,46,0,0,2019-06-01,200,1,0,1817,1,1,NULL,NULL,NULL,12774,0
71600,19247,46,0,0,2019-06-01,200,1,0,1817,1,1,NULL,NULL,NULL,12776,0
71601,25355,46,0,0,2019-06-01,200,1,0,1817,1,1,NULL,NULL,NULL,12777,0
71602,25922,46,0,0,2019-06-01,200,1,0,1817,1,1,NULL,NULL,NULL,12818,0
71603,25921,46,0,0,2019-06-01,200,1,0,1817,1,1,NULL,NULL,NULL,12819,0
71604,25950,46,0,0,2019-06-01,200,1,0,1817,1,1,NULL,NULL,NULL,12820,0
71605,21632,46,0,0,2019-06-01,200,1,0,1817,1,1,NULL,NULL,NULL,12823,0
71606,21174,46,0,0,2019-06-01,200,1,0,1817,1,1,NULL,NULL,NULL,12825,0
71607,25923,46,0,0,2019-06-01,200,1,0,1817,1,1,NULL,NULL,NULL,12827,0
71608,25924,46,0,0,2019-06-01,200,1,0,1817,1,1,NULL,NULL,NULL,12828,0
71609,25925,46,0,0,2019-06-01,200,1,0,1817,1,1,NULL,NULL,NULL,12829,0
71610,25926,46,0,0,2019-06-01,200,1,0,1817,1,1,NULL,NULL,NULL,12831,0
71611,25914,46,0,0,2019-06-01,200,1,0,1817,1,1,NULL,NULL,NULL,12833,0
71612,25915,46,0,0,2019-06-01,200,1,0,1817,1,1,NULL,NULL,NULL,12834,0
71613,25927,46,0,0,2019-06-01,200,1,0,1817,1,1,NULL,NULL,NULL,12837,0
71614,21186,46,0,0,2019-06-01,200,1,0,1817,1,1,NULL,NULL,NULL,12839,0
71615,21634,46,0,0,2019-06-01,200,1,0,1817,1,1,NULL,NULL,NULL,12841,0
71616,21175,46,0,0,2019-06-01,200,1,0,1817,1,1,NULL,NULL,NULL,12842,0
71617,21158,46,0,0,2019-06-01,200,1,0,1817,1,1,NULL,NULL,NULL,12843,0
71618,21102,46,0,0,2019-06-01,200,1,0,1817,1,1,NULL,NULL,NULL,12876,0
71619,25331,46,0,0,2019-06-01,200,1,0,1817,1,1,NULL,NULL,NULL,12885,0
71620,21101,46,0,0,2019-06-01,200,1,0,1817,1,1,NULL,NULL,NULL,12887,0
71621,25328,46,0,0,2019-06-01,200,1,0,1817,1,1,NULL,NULL,NULL,12889,0
71622,21431,46,0,0,2019-06-01,200,1,0,1817,1,1,NULL,NULL,NULL,12890,0
71623,19832,46,0,0,2019-06-01,200,1,0,1817,1,1,NULL,NULL,NULL,12891,0
71624,25354,46,0,0,2019-06-01,200,1,0,1817,1,1,NULL,NULL,NULL,12892,0
71625,19833,46,0,0,2019-06-01,200,1,0,1817,1,1,NULL,NULL,NULL,12893,0
71626,19248,46,0,0,2019-06-01,200,1,0,1817,1,1,NULL,NULL,NULL,12896,0
71627,25327,46,0,0,2019-06-01,200,1,0,1817,1,1,NULL,NULL,NULL,12897,0
71628,21312,46,0,0,2019-06-01,200,1,0,1817,1,1,NULL,NULL,NULL,12991,0
71629,22310,46,0,0,2019-06-01,200,1,0,1817,1,1,NULL,NULL,NULL,12994,0
71630,22038,46,0,0,2019-06-01,200,1,0,1817,1,1,NULL,NULL,NULL,12997,0
71631,22392,46,0,0,2019-06-01,200,1,0,1817,1,1,NULL,NULL,NULL,12998,0
71632,21315,46,0,0,2019-06-01,200,1,0,1817,1,1,NULL,NULL,NULL,12999,0
71633,19569,46,0,0,2019-06-01,200,1,0,1817,1,1,NULL,NULL,NULL,13000,0
71634,25619,46,0,0,2019-06-01,200,1,0,1817,1,1,NULL,NULL,NULL,13001,0
71635,21820,46,0,0,2019-06-01,200,1,0,1817,1,1,NULL,NULL,NULL,13002,0
71636,19372,46,0,0,2019-06-01,200,1,0,1817,1,1,NULL,NULL,NULL,13003,0
71637,18224,46,0,0,2019-06-01,200,1,0,1817,1,1,NULL,NULL,NULL,13023,0
71638,20564,46,0,0,2019-06-01,200,1,0,1817,1,1,NULL,NULL,NULL,13025,0
71639,18222,46,0,0,2019-06-01,200,1,0,1817,1,1,NULL,NULL,NULL,13037,0
71640,10361,46,0,0,2019-06-01,200,1,0,1817,1,1,NULL,NULL,NULL,13051,0
71641,24918,46,0,0,2019-06-01,200,1,0,1817,1,1,NULL,NULL,NULL,13059,0
71642,17316,46,0,0,2019-06-01,200,1,0,1817,1,1,NULL,NULL,NULL,13064,0
71643,24914,46,0,0,2019-06-01,200,1,0,1817,1,1,NULL,NULL,NULL,13067,0
71644,11457,46,0,0,2019-06-01,200,1,0,1817,1,1,NULL,NULL,NULL,13071,0
71645,15177,46,0,0,2019-06-01,200,1,0,1817,1,1,NULL,NULL,NULL,13076,0
71646,24925,46,0,0,2019-06-01,200,1,0,1817,1,1,NULL,NULL,NULL,13078,0
71647,12590,46,0,0,2019-06-01,200,1,0,1817,1,1,NULL,NULL,NULL,13080,0
71648,24927,46,0,0,2019-06-01,200,1,0,1817,1,1,NULL,NULL,NULL,13083,0
71649,20743,46,0,0,2019-06-01,200,1,0,1817,1,1,NULL,NULL,NULL,13087,0
71650,29734,46,0,0,2019-06-01,200,1,0,1817,1,1,NULL,NULL,NULL,13155,0
71651,29737,46,0,0,2019-06-01,200,1,0,1817,1,1,NULL,NULL,NULL,13163,0
71652,21728,46,0,0,2019-06-01,200,1,0,1817,1,1,NULL,NULL,NULL,13165,0
71653,21405,46,0,0,2019-06-01,200,1,0,1817,1,1,NULL,NULL,NULL,13166,0
71654,19120,46,0,0,2019-06-01,200,1,0,1817,1,1,NULL,NULL,NULL,13167,0
71655,8729,46,0,0,2019-06-01,200,1,0,1817,1,1,NULL,NULL,NULL,13168,0
71656,18889,46,0,0,2019-06-01,200,1,0,1817,1,1,NULL,NULL,NULL,13169,0
71657,21735,46,0,0,2019-06-01,200,1,0,1817,1,1,NULL,NULL,NULL,13171,0
71658,21591,46,0,0,2019-06-01,200,1,0,1817,1,1,NULL,NULL,NULL,13172,0
71659,20272,46,0,0,2019-06-01,200,1,0,1817,1,1,NULL,NULL,NULL,13173,0
71660,19170,46,0,0,2019-06-01,200,1,0,1817,1,1,NULL,NULL,NULL,13174,0
71661,29739,46,0,0,2019-06-01,200,1,0,1817,1,1,NULL,NULL,NULL,13175,0
71662,15013,46,0,0,2019-06-01,200,1,0,1817,1,1,NULL,NULL,NULL,13203,0
71663,20907,46,0,0,2019-06-01,200,1,0,1817,1,1,NULL,NULL,NULL,13204,0
71664,24913,46,0,0,2019-06-01,200,1,0,1817,1,1,NULL,NULL,NULL,13211,0
71665,19043,46,0,0,2019-06-01,200,1,0,1817,1,1,NULL,NULL,NULL,13213,0
71666,19530,46,0,0,2019-06-01,200,1,0,1817,1,1,NULL,NULL,NULL,13214,0
71667,22028,46,0,0,2019-06-01,200,1,0,1817,1,1,NULL,NULL,NULL,13216,0
71668,19525,46,0,0,2019-06-01,200,1,0,1817,1,1,NULL,NULL,NULL,13218,0
71669,24931,46,0,0,2019-06-01,200,1,0,1817,1,1,NULL,NULL,NULL,13223,0
71670,18644,46,0,0,2019-06-01,200,1,0,1817,1,1,NULL,NULL,NULL,13227,0
71671,22065,46,0,0,2019-06-01,200,1,0,1817,1,1,NULL,NULL,NULL,13236,0
71672,21481,46,0,0,2019-06-01,200,1,0,1817,1,1,NULL,NULL,NULL,13237,0
71673,21610,46,0,0,2019-06-01,200,1,0,1817,1,1,NULL,NULL,NULL,13239,0
71674,21542,46,0,0,2019-06-01,200,1,0,1817,1,1,NULL,NULL,NULL,13241,0
71675,20499,46,0,0,2019-06-01,200,1,0,1817,1,1,NULL,NULL,NULL,13242,0
71676,19779,46,0,0,2019-06-01,200,1,0,1817,1,1,NULL,NULL,NULL,13243,0
71677,29753,46,0,0,2019-06-01,200,1,0,1817,1,1,NULL,NULL,NULL,13244,0
71678,10363,46,0,0,2019-06-01,200,1,0,1817,1,1,NULL,NULL,NULL,13245,0
71679,1026,46,0,0,2019-06-01,200,1,0,1817,1,1,NULL,NULL,NULL,13247,0
71680,25117,46,0,0,2019-06-01,200,1,0,1817,1,1,NULL,NULL,NULL,13369,0
71681,25119,46,0,0,2019-06-01,200,1,0,1817,1,1,NULL,NULL,NULL,13371,0
71682,20280,46,0,0,2019-06-01,200,1,0,1817,1,1,NULL,NULL,NULL,13373,0
71683,25120,46,0,0,2019-06-01,200,1,0,1817,1,1,NULL,NULL,NULL,13374,0
71684,25127,46,0,0,2019-06-01,200,1,0,1817,1,1,NULL,NULL,NULL,13375,0
71685,25121,46,0,0,2019-06-01,200,1,0,1817,1,1,NULL,NULL,NULL,13376,0
71686,25130,46,0,0,2019-06-01,200,1,0,1817,1,1,NULL,NULL,NULL,13377,0
71687,25116,46,0,0,2019-06-01,200,1,0,1817,1,1,NULL,NULL,NULL,13378,0
71688,25131,46,0,0,2019-06-01,200,1,0,1817,1,1,NULL,NULL,NULL,13379,0
71689,25132,46,0,0,2019-06-01,200,1,0,1817,1,1,NULL,NULL,NULL,13380,0
71690,25133,46,0,0,2019-06-01,200,1,0,1817,1,1,NULL,NULL,NULL,13381,0
71691,15434,46,0,0,2019-06-01,200,1,0,1817,1,1,NULL,NULL,NULL,13382,0
71692,25136,46,0,0,2019-06-01,200,1,0,1817,1,1,NULL,NULL,NULL,13383,0
71693,25137,46,0,0,2019-06-01,200,1,0,1817,1,1,NULL,NULL,NULL,13384,0
71694,25123,46,0,0,2019-06-01,200,1,0,1817,1,1,NULL,NULL,NULL,13385,0
71695,9066,46,0,0,2019-06-01,200,1,0,1830,1,1,NULL,NULL,NULL,8617,0
71696,9067,46,0,0,2019-06-01,200,1,0,1830,1,1,NULL,NULL,NULL,8618,0
71697,9397,46,0,0,2019-06-01,200,1,0,1830,1,1,NULL,NULL,NULL,8686,0
71698,9613,46,0,0,2019-06-01,200,1,0,1830,1,1,NULL,NULL,NULL,8716,0
71699,9886,46,0,0,2019-06-01,200,1,0,1830,1,1,NULL,NULL,NULL,8739,0
71700,9932,46,0,0,2019-06-01,200,1,0,1830,1,1,NULL,NULL,NULL,8747,0
71701,9934,46,0,0,2019-06-01,200,1,0,1830,1,1,NULL,NULL,NULL,8749,0
71702,10343,46,0,0,2019-06-01,200,1,0,1830,1,1,NULL,NULL,NULL,8797,0
71703,10455,46,0,0,2019-06-01,200,1,0,1830,1,1,NULL,NULL,NULL,8816,0
71704,10487,46,0,0,2019-06-01,200,1,0,1830,1,1,NULL,NULL,NULL,8819,0
71705,10512,46,0,0,2019-06-01,200,1,0,1830,1,1,NULL,NULL,NULL,8825,0
71706,10596,46,0,0,2019-06-01,200,1,0,1830,1,1,NULL,NULL,NULL,8857,0
71707,10607,46,0,0,2019-06-01,200,1,0,1830,1,1,NULL,NULL,NULL,8858,0
71708,10747,46,0,0,2019-06-01,200,1,0,1830,1,1,NULL,NULL,NULL,8890,0
71709,10760,46,0,0,2019-06-01,200,1,0,1830,1,1,NULL,NULL,NULL,8900,0
71710,10776,46,0,0,2019-06-01,200,1,0,1830,1,1,NULL,NULL,NULL,8908,0
71711,10855,46,0,0,2019-06-01,200,1,0,1830,1,1,NULL,NULL,NULL,8922,0
71712,10871,46,0,0,2019-06-01,200,1,0,1830,1,1,NULL,NULL,NULL,8930,0
71713,11102,46,0,0,2019-06-01,200,1,0,1830,1,1,NULL,NULL,NULL,8950,0
71714,11152,46,0,0,2019-06-01,200,1,0,1830,1,1,NULL,NULL,NULL,8956,0
71715,11200,46,0,0,2019-06-01,200,1,0,1830,1,1,NULL,NULL,NULL,8973,0
71716,11398,46,0,0,2019-06-01,200,1,0,1830,1,1,NULL,NULL,NULL,9022,0
71717,11399,46,0,0,2019-06-01,200,1,0,1830,1,1,NULL,NULL,NULL,9023,0
71718,11368,46,0,0,2019-06-01,200,1,0,1830,1,1,NULL,NULL,NULL,9025,0
71719,11454,46,0,0,2019-06-01,200,1,0,1830,1,1,NULL,NULL,NULL,9042,0
71720,11500,46,0,0,2019-06-01,200,1,0,1830,1,1,NULL,NULL,NULL,9062,0
71721,10701,46,0,0,2019-06-01,200,1,0,1830,1,1,NULL,NULL,NULL,11764,0
71722,19896,46,0,0,2019-06-01,200,1,0,1830,1,1,NULL,NULL,NULL,11834,0
71723,19899,46,0,0,2019-06-01,200,1,0,1830,1,1,NULL,NULL,NULL,11835,0
71724,9997,46,0,0,2019-06-01,200,1,0,1830,1,1,NULL,NULL,NULL,11836,0
71725,9941,46,0,0,2019-06-01,200,1,0,1830,1,1,NULL,NULL,NULL,11837,0
71726,9896,46,0,0,2019-06-01,200,1,0,1830,1,1,NULL,NULL,NULL,11838,0
71727,19934,46,0,0,2019-06-01,200,1,0,1830,1,1,NULL,NULL,NULL,11839,0
71728,19922,46,0,0,2019-06-01,200,1,0,1830,1,1,NULL,NULL,NULL,11840,0
71729,19929,46,0,0,2019-06-01,200,1,0,1830,1,1,NULL,NULL,NULL,11841,0
71730,10700,46,0,0,2019-06-01,200,1,0,1830,1,1,NULL,NULL,NULL,11843,0
71731,19938,46,0,0,2019-06-01,200,1,0,1830,1,1,NULL,NULL,NULL,11844,0
71732,19936,46,0,0,2019-06-01,200,1,0,1830,1,1,NULL,NULL,NULL,11846,0
71733,14998,46,0,0,2019-06-01,200,1,0,1830,1,1,NULL,NULL,NULL,11847,0
71734,10510,46,0,0,2019-06-01,200,1,0,1830,1,1,NULL,NULL,NULL,11848,0
71735,24795,46,0,0,2019-06-01,200,1,0,1830,1,1,NULL,NULL,NULL,12263,0
71736,25429,46,0,0,2019-06-01,200,1,0,1830,1,1,NULL,NULL,NULL,12379,0
71737,25435,46,0,0,2019-06-01,200,1,0,1830,1,1,NULL,NULL,NULL,12380,0
71738,9751,46,0,0,2019-06-01,200,1,0,1830,1,1,NULL,NULL,NULL,12381,0
71739,25437,46,0,0,2019-06-01,200,1,0,1830,1,1,NULL,NULL,NULL,12382,0
71740,25438,46,0,0,2019-06-01,200,1,0,1830,1,1,NULL,NULL,NULL,12383,0
71741,10437,46,0,0,2019-06-01,200,1,0,1830,1,1,NULL,NULL,NULL,12384,0
71742,25444,46,0,0,2019-06-01,200,1,0,1830,1,1,NULL,NULL,NULL,12385,0
71743,25430,46,0,0,2019-06-01,200,1,0,1830,1,1,NULL,NULL,NULL,12386,0
71744,25433,46,0,0,2019-06-01,200,1,0,1830,1,1,NULL,NULL,NULL,12387,0
71745,25436,46,0,0,2019-06-01,200,1,0,1830,1,1,NULL,NULL,NULL,12388,0
71746,25439,46,0,0,2019-06-01,200,1,0,1830,1,1,NULL,NULL,NULL,12389,0
71747,25441,46,0,0,2019-06-01,200,1,0,1830,1,1,NULL,NULL,NULL,12390,0
71748,25443,46,0,0,2019-06-01,200,1,0,1830,1,1,NULL,NULL,NULL,12391,0
71749,11220,46,0,0,2019-06-01,200,1,0,1830,1,1,NULL,NULL,NULL,12392,0
71750,25431,46,0,0,2019-06-01,200,1,0,1830,1,1,NULL,NULL,NULL,12393,0
71751,25432,46,0,0,2019-06-01,200,1,0,1830,1,1,NULL,NULL,NULL,12394,0
71752,9156,46,0,0,2019-06-01,200,1,0,1830,1,1,NULL,NULL,NULL,12395,0
71753,25434,46,0,0,2019-06-01,200,1,0,1830,1,1,NULL,NULL,NULL,12396,0
71754,9154,46,0,0,2019-06-01,200,1,0,1830,1,1,NULL,NULL,NULL,12398,0
71755,9427,46,0,0,2019-06-01,200,1,0,1830,1,1,NULL,NULL,NULL,12399,0
71756,10946,46,0,0,2019-06-01,200,1,0,1830,1,1,NULL,NULL,NULL,12400,0
71757,8893,46,0,0,2019-06-01,200,1,0,1830,1,1,NULL,NULL,NULL,12404,0
71758,25557,46,0,0,2019-06-01,200,1,0,1830,1,1,NULL,NULL,NULL,12405,0
71759,25556,46,0,0,2019-06-01,200,1,0,1830,1,1,NULL,NULL,NULL,12410,0
71760,25559,46,0,0,2019-06-01,200,1,0,1830,1,1,NULL,NULL,NULL,12411,0
71761,10745,46,0,0,2019-06-01,200,1,0,1830,1,1,NULL,NULL,NULL,12413,0
71762,25560,46,0,0,2019-06-01,200,1,0,1830,1,1,NULL,NULL,NULL,12415,0
71763,9183,46,0,0,2019-06-01,200,1,0,1830,1,1,NULL,NULL,NULL,12416,0
71764,11139,46,0,0,2019-06-01,200,1,0,1830,1,1,NULL,NULL,NULL,12439,0
71765,10454,46,0,0,2019-06-01,200,1,0,1830,1,1,NULL,NULL,NULL,12485,0
71766,11104,46,0,0,2019-06-01,200,1,0,1830,1,1,NULL,NULL,NULL,12497,0
71767,7959,46,0,0,2019-06-01,200,1,0,1830,1,1,NULL,NULL,NULL,12538,0
71768,10590,46,0,0,2019-06-01,200,1,0,1830,1,1,NULL,NULL,NULL,12541,0
71769,11153,46,0,0,2019-06-01,200,1,0,1830,1,1,NULL,NULL,NULL,12550,0
71770,9437,46,0,0,2019-06-01,200,1,0,1830,1,1,NULL,NULL,NULL,12556,0
71771,25877,46,0,0,2019-06-01,200,1,0,1830,1,1,NULL,NULL,NULL,12566,0
71772,25947,46,0,0,2019-06-01,200,1,0,1830,1,1,NULL,NULL,NULL,12569,0
71773,25880,46,0,0,2019-06-01,200,1,0,1830,1,1,NULL,NULL,NULL,12574,0
71774,9371,46,0,0,2019-06-01,200,1,0,1830,1,1,NULL,NULL,NULL,12623,0
71775,25906,46,0,0,2019-06-01,200,1,0,1830,1,1,NULL,NULL,NULL,12633,0
71776,25340,46,0,0,2019-06-01,200,1,0,1830,1,1,NULL,NULL,NULL,12635,0
71777,6189,46,0,0,2019-06-01,200,1,0,1830,1,1,NULL,NULL,NULL,12636,0
71778,7196,46,0,0,2019-06-01,200,1,0,1830,1,1,NULL,NULL,NULL,12637,0
71779,9102,46,0,0,2019-06-01,200,1,0,1830,1,1,NULL,NULL,NULL,12649,0
71780,10370,46,0,0,2019-06-01,200,1,0,1830,1,1,NULL,NULL,NULL,12749,0
71781,25310,46,0,0,2019-06-01,200,1,0,1830,1,1,NULL,NULL,NULL,12846,0
71782,4850,46,0,0,2019-06-01,200,1,0,1830,1,1,NULL,NULL,NULL,12857,0
71783,25309,46,0,0,2019-06-01,200,1,0,1830,1,1,NULL,NULL,NULL,12858,0
71784,10410,46,0,0,2019-06-01,200,1,0,1830,1,1,NULL,NULL,NULL,12859,0
71785,3518,46,0,0,2019-06-01,200,1,0,1830,1,1,NULL,NULL,NULL,12860,0
71786,9110,46,0,0,2019-06-01,200,1,0,1830,1,1,NULL,NULL,NULL,12861,0
71787,10981,46,0,0,2019-06-01,200,1,0,1830,1,1,NULL,NULL,NULL,12862,0
71788,25308,46,0,0,2019-06-01,200,1,0,1830,1,1,NULL,NULL,NULL,12863,0
71789,4816,46,0,0,2019-06-01,200,1,0,1830,1,1,NULL,NULL,NULL,12864,0
71790,10337,46,0,0,2019-06-01,200,1,0,1830,1,1,NULL,NULL,NULL,12984,0
71791,10337,46,0,0,2019-06-01,200,1,0,1830,1,1,NULL,NULL,NULL,12985,0
71792,8276,46,0,0,2019-06-01,200,1,0,1830,1,1,NULL,NULL,NULL,13068,0
71793,8284,46,0,0,2019-06-01,200,1,0,1830,1,1,NULL,NULL,NULL,13069,0
71794,9798,46,0,0,2019-06-01,200,1,0,1830,1,1,NULL,NULL,NULL,13070,0
71795,3241,46,0,0,2019-06-01,200,1,0,1830,1,1,NULL,NULL,NULL,13073,0
71796,10094,46,0,0,2019-06-01,200,1,0,1830,1,1,NULL,NULL,NULL,13074,0
71797,10655,46,0,0,2019-06-01,200,1,0,1830,1,1,NULL,NULL,NULL,13178,0
71798,29740,46,0,0,2019-06-01,200,1,0,1830,1,1,NULL,NULL,NULL,13180,0
71799,2174,46,0,0,2019-06-01,200,1,0,1830,1,1,NULL,NULL,NULL,13182,0
71800,8726,46,0,0,2019-06-01,200,1,0,1830,1,1,NULL,NULL,NULL,13183,0
71801,10755,46,0,0,2019-06-01,200,1,0,1830,1,1,NULL,NULL,NULL,13184,0
71802,8405,46,0,0,2019-06-01,200,1,0,1830,1,1,NULL,NULL,NULL,13186,0
71803,6506,46,0,0,2019-06-01,200,1,0,1830,1,1,NULL,NULL,NULL,13189,0
71804,10662,46,0,0,2019-06-01,200,1,0,1830,1,1,NULL,NULL,NULL,13190,0
71805,24831,46,0,0,2019-06-01,200,1,0,1830,1,1,NULL,NULL,NULL,13191,0
71806,10313,46,0,0,2019-06-01,200,1,0,1830,1,1,NULL,NULL,NULL,13192,0
71807,24832,46,0,0,2019-06-01,200,1,0,1830,1,1,NULL,NULL,NULL,13193,0
71808,6789,46,0,0,2019-06-01,200,1,0,1830,1,1,NULL,NULL,NULL,13194,0
71809,11159,46,0,0,2019-06-01,200,1,0,1830,1,1,NULL,NULL,NULL,13205,0
71810,9782,46,0,0,2019-06-01,200,1,0,1830,1,1,NULL,NULL,NULL,13206,0
71811,8103,46,0,0,2019-06-01,200,1,0,1830,1,1,NULL,NULL,NULL,13208,0
71812,8100,46,0,0,2019-06-01,200,1,0,1830,1,1,NULL,NULL,NULL,13209,0
71813,11190,46,0,0,2019-06-01,200,1,0,1830,1,1,NULL,NULL,NULL,13210,0
71814,10757,46,0,0,2019-06-01,200,1,0,1830,1,1,NULL,NULL,NULL,13212,0
71815,11313,46,0,0,2019-06-01,200,1,0,1830,1,1,NULL,NULL,NULL,13238,0
71816,7918,46,0,0,2019-06-01,200,1,0,1830,1,1,NULL,NULL,NULL,13307,0
71817,11400,46,0,0,2019-06-01,200,1,0,1830,1,1,NULL,NULL,NULL,13309,0
71818,10772,46,0,0,2019-06-01,200,1,0,1830,1,1,NULL,NULL,NULL,13314,0
71819,25146,46,0,0,2019-06-01,200,1,0,1830,1,1,NULL,NULL,NULL,13317,0
71820,25065,46,0,0,2019-06-01,200,1,0,1830,1,1,NULL,NULL,NULL,13320,0
71821,25061,46,0,0,2019-06-01,200,1,0,1830,1,1,NULL,NULL,NULL,13321,0
71822,25067,46,0,0,2019-06-01,200,1,0,1830,1,1,NULL,NULL,NULL,13322,0
71823,11128,46,0,0,2019-06-01,200,1,0,1830,1,1,NULL,NULL,NULL,13323,0
71824,25068,46,0,0,2019-06-01,200,1,0,1830,1,1,NULL,NULL,NULL,13325,0
71825,25060,46,0,0,2019-06-01,200,1,0,1830,1,1,NULL,NULL,NULL,13327,0
71826,25070,46,0,0,2019-06-01,200,1,0,1830,1,1,NULL,NULL,NULL,13330,0
71827,25066,46,0,0,2019-06-01,200,1,0,1830,1,1,NULL,NULL,NULL,13331,0
71828,25063,46,0,0,2019-06-01,200,1,0,1830,1,1,NULL,NULL,NULL,13334,0
71829,1271,46,0,0,2019-06-01,200,1,0,1830,1,1,NULL,NULL,NULL,13336,0
71830,25879,46,0,0,2019-06-01,200,1,0,1830,1,1,NULL,NULL,NULL,13976,0
71831,15462,46,0,0,2019-06-01,200,1,0,1824,1,1,NULL,NULL,NULL,9348,0
71832,17339,46,0,0,2019-06-01,200,1,0,1824,1,1,NULL,NULL,NULL,9472,0
71833,17436,46,0,0,2019-06-01,200,1,0,1824,1,1,NULL,NULL,NULL,9479,0
71834,17648,46,0,0,2019-06-01,200,1,0,1824,1,1,NULL,NULL,NULL,9501,0
71835,17886,46,0,0,2019-06-01,200,1,0,1824,1,1,NULL,NULL,NULL,9554,0
71836,17904,46,0,0,2019-06-01,200,1,0,1824,1,1,NULL,NULL,NULL,9556,0
71837,19895,46,0,0,2019-06-01,200,1,0,1824,1,1,NULL,NULL,NULL,10172,0
71838,19919,46,0,0,2019-06-01,200,1,0,1824,1,1,NULL,NULL,NULL,11229,0
71839,19918,46,0,0,2019-06-01,200,1,0,1824,1,1,NULL,NULL,NULL,11235,0
71840,14832,46,0,0,2019-06-01,200,1,0,1824,1,1,NULL,NULL,NULL,11261,0
71841,16988,46,0,0,2019-06-01,200,1,0,1824,1,1,NULL,NULL,NULL,11285,0
71842,28819,46,0,0,2019-06-01,200,1,0,1824,1,1,NULL,NULL,NULL,12098,0
71843,4637,46,0,0,2019-06-01,200,1,0,1824,1,1,NULL,NULL,NULL,12234,0
71844,19825,46,0,0,2019-06-01,200,1,0,1824,1,1,NULL,NULL,NULL,12254,0
71845,10768,46,0,0,2019-06-01,200,1,0,1824,1,1,NULL,NULL,NULL,12255,0
71846,17970,46,0,0,2019-06-01,200,1,0,1824,1,1,NULL,NULL,NULL,12350,0
71847,15354,46,0,0,2019-06-01,200,1,0,1824,1,1,NULL,NULL,NULL,12351,0
71848,19897,46,0,0,2019-06-01,200,1,0,1824,1,1,NULL,NULL,NULL,12352,0
71849,18071,46,0,0,2019-06-01,200,1,0,1824,1,1,NULL,NULL,NULL,12406,0
71850,18157,46,0,0,2019-06-01,200,1,0,1824,1,1,NULL,NULL,NULL,12409,0
71851,25239,46,0,0,2019-06-01,200,1,0,1824,1,1,NULL,NULL,NULL,12412,0
71852,15257,46,0,0,2019-06-01,200,1,0,1824,1,1,NULL,NULL,NULL,12420,0
71853,17695,46,0,0,2019-06-01,200,1,0,1824,1,1,NULL,NULL,NULL,12422,0
71854,25484,46,0,0,2019-06-01,200,1,0,1824,1,1,NULL,NULL,NULL,12423,0
71855,14774,46,0,0,2019-06-01,200,1,0,1824,1,1,NULL,NULL,NULL,12424,0
71856,9417,46,0,0,2019-06-01,200,1,0,1824,1,1,NULL,NULL,NULL,12425,0
71857,17924,46,0,0,2019-06-01,200,1,0,1824,1,1,NULL,NULL,NULL,12426,0
71858,18291,46,0,0,2019-06-01,200,1,0,1824,1,1,NULL,NULL,NULL,12430,0
71859,26564,46,0,0,2019-06-01,200,1,0,1824,1,1,NULL,NULL,NULL,12431,0
71860,15253,46,0,0,2019-06-01,200,1,0,1824,1,1,NULL,NULL,NULL,12433,0
71861,17775,46,0,0,2019-06-01,200,1,0,1824,1,1,NULL,NULL,NULL,12434,0
71862,16340,46,0,0,2019-06-01,200,1,0,1824,1,1,NULL,NULL,NULL,12435,0
71863,15240,46,0,0,2019-06-01,200,1,0,1824,1,1,NULL,NULL,NULL,12436,0
71864,17713,46,0,0,2019-06-01,200,1,0,1824,1,1,NULL,NULL,NULL,12437,0
71865,16308,46,0,0,2019-06-01,200,1,0,1824,1,1,NULL,NULL,NULL,12438,0
71866,17805,46,0,0,2019-06-01,200,1,0,1824,1,1,NULL,NULL,NULL,12440,0
71867,15258,46,0,0,2019-06-01,200,1,0,1824,1,1,NULL,NULL,NULL,12441,0
71868,16341,46,0,0,2019-06-01,200,1,0,1824,1,1,NULL,NULL,NULL,12442,0
71869,18046,46,0,0,2019-06-01,200,1,0,1824,1,1,NULL,NULL,NULL,12443,0
71870,17704,46,0,0,2019-06-01,200,1,0,1824,1,1,NULL,NULL,NULL,12444,0
71871,17932,46,0,0,2019-06-01,200,1,0,1824,1,1,NULL,NULL,NULL,12445,0
71872,17703,46,0,0,2019-06-01,200,1,0,1824,1,1,NULL,NULL,NULL,12446,0
71873,25573,46,0,0,2019-06-01,200,1,0,1824,1,1,NULL,NULL,NULL,12447,0
71874,18005,46,0,0,2019-06-01,200,1,0,1824,1,1,NULL,NULL,NULL,12702,0
71875,25897,46,0,0,2019-06-01,200,1,0,1824,1,1,NULL,NULL,NULL,12703,0
71876,25896,46,0,0,2019-06-01,200,1,0,1824,1,1,NULL,NULL,NULL,12704,0
71877,25898,46,0,0,2019-06-01,200,1,0,1824,1,1,NULL,NULL,NULL,12709,0
71878,18003,46,0,0,2019-06-01,200,1,0,1824,1,1,NULL,NULL,NULL,12710,0
71879,25899,46,0,0,2019-06-01,200,1,0,1824,1,1,NULL,NULL,NULL,12711,0
71880,21424,46,0,0,2019-06-01,200,1,0,1824,1,1,NULL,NULL,NULL,12715,0
71881,16673,46,0,0,2019-06-01,200,1,0,1824,1,1,NULL,NULL,NULL,12729,0
71882,17461,46,0,0,2019-06-01,200,1,0,1824,1,1,NULL,NULL,NULL,12730,0
71883,18206,46,0,0,2019-06-01,200,1,0,1824,1,1,NULL,NULL,NULL,12731,0
71884,4822,46,0,0,2019-06-01,200,1,0,1824,1,1,NULL,NULL,NULL,12732,0
71885,10684,46,0,0,2019-06-01,200,1,0,1824,1,1,NULL,NULL,NULL,12765,0
71886,18167,46,0,0,2019-06-01,200,1,0,1824,1,1,NULL,NULL,NULL,12865,0
71887,25318,46,0,0,2019-06-01,200,1,0,1824,1,1,NULL,NULL,NULL,12866,0
71888,17750,46,0,0,2019-06-01,200,1,0,1824,1,1,NULL,NULL,NULL,12867,0
71889,14632,46,0,0,2019-06-01,200,1,0,1824,1,1,NULL,NULL,NULL,12868,0
71890,25317,46,0,0,2019-06-01,200,1,0,1824,1,1,NULL,NULL,NULL,12869,0
71891,25319,46,0,0,2019-06-01,200,1,0,1824,1,1,NULL,NULL,NULL,12870,0
71892,25316,46,0,0,2019-06-01,200,1,0,1824,1,1,NULL,NULL,NULL,12871,0
71893,14633,46,0,0,2019-06-01,200,1,0,1824,1,1,NULL,NULL,NULL,12872,0
71894,18057,46,0,0,2019-06-01,200,1,0,1824,1,1,NULL,NULL,NULL,12873,0
71895,18349,46,0,0,2019-06-01,200,1,0,1824,1,1,NULL,NULL,NULL,12875,0
71896,17969,46,0,0,2019-06-01,200,1,0,1824,1,1,NULL,NULL,NULL,13065,0
71897,13113,46,0,0,2019-06-01,200,1,0,1824,1,1,NULL,NULL,NULL,13066,0
71898,24929,46,0,0,2019-06-01,200,1,0,1824,1,1,NULL,NULL,NULL,13089,0
71899,18153,46,0,0,2019-06-01,200,1,0,1824,1,1,NULL,NULL,NULL,13096,0
71900,17314,46,0,0,2019-06-01,200,1,0,1824,1,1,NULL,NULL,NULL,13144,0
71901,14641,46,0,0,2019-06-01,200,1,0,1824,1,1,NULL,NULL,NULL,13156,0
71902,17441,46,0,0,2019-06-01,200,1,0,1824,1,1,NULL,NULL,NULL,13176,0
71903,12398,46,0,0,2019-06-01,200,1,0,1824,1,1,NULL,NULL,NULL,13177,0
71904,6630,46,0,0,2019-06-01,200,1,0,1824,1,1,NULL,NULL,NULL,13179,0
71905,17885,46,0,0,2019-06-01,200,1,0,1824,1,1,NULL,NULL,NULL,13181,0
71906,17083,46,0,0,2019-06-01,200,1,0,1824,1,1,NULL,NULL,NULL,13185,0
71907,8403,46,0,0,2019-06-01,200,1,0,1824,1,1,NULL,NULL,NULL,13187,0
71908,17955,46,0,0,2019-06-01,200,1,0,1824,1,1,NULL,NULL,NULL,13225,0
71909,10364,46,0,0,2019-06-01,200,1,0,1824,1,1,NULL,NULL,NULL,13230,0
71910,14645,46,0,0,2019-06-01,200,1,0,1824,1,1,NULL,NULL,NULL,13232,0
71911,17312,46,0,0,2019-06-01,200,1,0,1824,1,1,NULL,NULL,NULL,13246,0
71912,14873,46,0,0,2019-06-01,200,1,0,1824,1,1,NULL,NULL,NULL,13248,0
71913,17303,46,0,0,2019-06-01,200,1,0,1824,1,1,NULL,NULL,NULL,13338,0
71914,25099,46,0,0,2019-06-01,200,1,0,1824,1,1,NULL,NULL,NULL,13341,0
71915,17292,46,0,0,2019-06-01,200,1,0,1824,1,1,NULL,NULL,NULL,13343,0
71916,25102,46,0,0,2019-06-01,200,1,0,1824,1,1,NULL,NULL,NULL,13345,0
71917,25100,46,0,0,2019-06-01,200,1,0,1824,1,1,NULL,NULL,NULL,13348,0
71918,15170,46,0,0,2019-06-01,200,1,0,1824,1,1,NULL,NULL,NULL,13350,0
71919,25105,46,0,0,2019-06-01,200,1,0,1824,1,1,NULL,NULL,NULL,13354,0
71920,25101,46,0,0,2019-06-01,200,1,0,1824,1,1,NULL,NULL,NULL,13356,0
71921,17031,46,0,0,2019-06-01,200,1,0,1824,1,1,NULL,NULL,NULL,13358,0
71922,25103,46,0,0,2019-06-01,200,1,0,1824,1,1,NULL,NULL,NULL,13359,0
71923,25104,46,0,0,2019-06-01,200,1,0,1824,1,1,NULL,NULL,NULL,13361,0
71924,25162,46,0,0,2019-06-01,200,1,0,1824,1,1,NULL,NULL,NULL,13362,0
71925,17220,46,0,0,2019-06-01,200,1,0,1824,1,1,NULL,NULL,NULL,13365,0
71926,25165,46,0,0,2019-06-01,200,1,0,1824,1,1,NULL,NULL,NULL,13366,0
71927,25164,46,0,0,2019-06-01,200,1,0,1824,1,1,NULL,NULL,NULL,13367,0
71928,26842,46,0,0,2019-06-01,200,1,0,1787,1,1,NULL,NULL,NULL,11635,0
71929,27121,46,0,0,2019-06-01,200,1,0,1787,1,1,NULL,NULL,NULL,11690,0
71930,27211,46,0,0,2019-06-01,200,1,0,1787,1,1,NULL,NULL,NULL,11705,0
71931,27308,46,0,0,2019-06-01,200,1,0,1787,1,1,NULL,NULL,NULL,11727,0
71932,27536,46,0,0,2019-06-01,200,1,0,1787,1,1,NULL,NULL,NULL,11867,0
71933,27591,46,0,0,2019-06-01,200,1,0,1787,1,1,NULL,NULL,NULL,11883,0
71934,27823,46,0,0,2019-06-01,200,1,0,1787,1,1,NULL,NULL,NULL,11942,0
71935,27824,46,0,0,2019-06-01,200,1,0,1787,1,1,NULL,NULL,NULL,11943,0
71936,28014,46,0,0,2019-06-01,200,1,0,1787,1,1,NULL,NULL,NULL,11960,0
71937,28032,46,0,0,2019-06-01,200,1,0,1787,1,1,NULL,NULL,NULL,11965,0
71938,28093,46,0,0,2019-06-01,200,1,0,1787,1,1,NULL,NULL,NULL,11976,0
71939,28099,46,0,0,2019-06-01,200,1,0,1787,1,1,NULL,NULL,NULL,11978,0
71940,28188,46,0,0,2019-06-01,200,1,0,1787,1,1,NULL,NULL,NULL,11985,0
71941,28456,46,0,0,2019-06-01,200,1,0,1787,1,1,NULL,NULL,NULL,12027,0
71942,26709,46,0,0,2019-06-01,200,1,0,1787,1,1,NULL,NULL,NULL,12051,0
71943,28095,46,0,0,2019-06-01,200,1,0,1787,1,1,NULL,NULL,NULL,12052,0
71944,28673,46,0,0,2019-06-01,200,1,0,1787,1,1,NULL,NULL,NULL,12053,0
71945,28675,46,0,0,2019-06-01,200,1,0,1787,1,1,NULL,NULL,NULL,12054,0
71946,28678,46,0,0,2019-06-01,200,1,0,1787,1,1,NULL,NULL,NULL,12055,0
71947,28277,46,0,0,2019-06-01,200,1,0,1787,1,1,NULL,NULL,NULL,12197,0
71948,28353,46,0,0,2019-06-01,200,1,0,1787,1,1,NULL,NULL,NULL,12372,0
71949,28358,46,0,0,2019-06-01,200,1,0,1787,1,1,NULL,NULL,NULL,12427,0
71950,27548,46,0,0,2019-06-01,200,1,0,1787,1,1,NULL,NULL,NULL,12428,0
71951,27971,46,0,0,2019-06-01,200,1,0,1787,1,1,NULL,NULL,NULL,12429,0
71952,21444,46,0,0,2019-06-01,200,1,0,1787,1,1,NULL,NULL,NULL,12432,0
71953,26751,46,0,0,2019-06-01,200,1,0,1787,1,1,NULL,NULL,NULL,12639,0
71954,27227,46,0,0,2019-06-01,200,1,0,1787,1,1,NULL,NULL,NULL,12650,0
71955,28265,46,0,0,2019-06-01,200,1,0,1787,1,1,NULL,NULL,NULL,12651,0
71956,28338,46,0,0,2019-06-01,200,1,0,1787,1,1,NULL,NULL,NULL,12652,0
71957,26577,46,0,0,2019-06-01,200,1,0,1787,1,1,NULL,NULL,NULL,12653,0
71958,27027,46,0,0,2019-06-01,200,1,0,1787,1,1,NULL,NULL,NULL,12654,0
71959,28343,46,0,0,2019-06-01,200,1,0,1787,1,1,NULL,NULL,NULL,12655,0
71960,26683,46,0,0,2019-06-01,200,1,0,1787,1,1,NULL,NULL,NULL,12656,0
71961,28170,46,0,0,2019-06-01,200,1,0,1787,1,1,NULL,NULL,NULL,12657,0
71962,27116,46,0,0,2019-06-01,200,1,0,1787,1,1,NULL,NULL,NULL,12658,0
71963,28045,46,0,0,2019-06-01,200,1,0,1787,1,1,NULL,NULL,NULL,12659,0
71964,28171,46,0,0,2019-06-01,200,1,0,1787,1,1,NULL,NULL,NULL,12660,0
71965,27176,46,0,0,2019-06-01,200,1,0,1787,1,1,NULL,NULL,NULL,12661,0
71966,28267,46,0,0,2019-06-01,200,1,0,1787,1,1,NULL,NULL,NULL,12662,0
71967,27023,46,0,0,2019-06-01,200,1,0,1787,1,1,NULL,NULL,NULL,12663,0
71968,27688,46,0,0,2019-06-01,200,1,0,1787,1,1,NULL,NULL,NULL,12664,0
71969,27180,46,0,0,2019-06-01,200,1,0,1787,1,1,NULL,NULL,NULL,12665,0
71970,28264,46,0,0,2019-06-01,200,1,0,1787,1,1,NULL,NULL,NULL,12666,0
71971,14852,46,0,0,2019-06-01,200,1,0,1787,1,1,NULL,NULL,NULL,12667,0
71972,26576,46,0,0,2019-06-01,200,1,0,1787,1,1,NULL,NULL,NULL,12668,0
71973,26938,46,0,0,2019-06-01,200,1,0,1787,1,1,NULL,NULL,NULL,12669,0
71974,27558,46,0,0,2019-06-01,200,1,0,1787,1,1,NULL,NULL,NULL,12670,0
71975,23854,46,0,0,2019-06-01,200,1,0,1787,1,1,NULL,NULL,NULL,12671,0
71976,27025,46,0,0,2019-06-01,200,1,0,1787,1,1,NULL,NULL,NULL,12672,0
71977,28301,46,0,0,2019-06-01,200,1,0,1787,1,1,NULL,NULL,NULL,12673,0
71978,28042,46,0,0,2019-06-01,200,1,0,1787,1,1,NULL,NULL,NULL,12674,0
71979,27175,46,0,0,2019-06-01,200,1,0,1787,1,1,NULL,NULL,NULL,12675,0
71980,27867,46,0,0,2019-06-01,200,1,0,1787,1,1,NULL,NULL,NULL,12676,0
71981,26623,46,0,0,2019-06-01,200,1,0,1787,1,1,NULL,NULL,NULL,12677,0
71982,26308,46,0,0,2019-06-01,200,1,0,1787,1,1,NULL,NULL,NULL,12678,0
71983,28266,46,0,0,2019-06-01,200,1,0,1787,1,1,NULL,NULL,NULL,12679,0
71984,27492,46,0,0,2019-06-01,200,1,0,1787,1,1,NULL,NULL,NULL,12680,0
71985,27931,46,0,0,2019-06-01,200,1,0,1787,1,1,NULL,NULL,NULL,12681,0
71986,27183,46,0,0,2019-06-01,200,1,0,1787,1,1,NULL,NULL,NULL,12682,0
71987,28306,46,0,0,2019-06-01,200,1,0,1787,1,1,NULL,NULL,NULL,12683,0
71988,28041,46,0,0,2019-06-01,200,1,0,1787,1,1,NULL,NULL,NULL,12684,0
71989,26511,46,0,0,2019-06-01,200,1,0,1787,1,1,NULL,NULL,NULL,12685,0
71990,27865,46,0,0,2019-06-01,200,1,0,1787,1,1,NULL,NULL,NULL,12686,0
71991,26726,46,0,0,2019-06-01,200,1,0,1787,1,1,NULL,NULL,NULL,12687,0
71992,28652,46,0,0,2019-06-01,200,1,0,1787,1,1,NULL,NULL,NULL,12688,0
71993,26762,46,0,0,2019-06-01,200,1,0,1787,1,1,NULL,NULL,NULL,12689,0
71994,28337,46,0,0,2019-06-01,200,1,0,1787,1,1,NULL,NULL,NULL,12690,0
71995,26807,46,0,0,2019-06-01,200,1,0,1787,1,1,NULL,NULL,NULL,12691,0
71996,26322,46,0,0,2019-06-01,200,1,0,1787,1,1,NULL,NULL,NULL,12692,0
71997,26537,46,0,0,2019-06-01,200,1,0,1787,1,1,NULL,NULL,NULL,12693,0
71998,28268,46,0,0,2019-06-01,200,1,0,1787,1,1,NULL,NULL,NULL,12694,0
71999,28077,46,0,0,2019-06-01,200,1,0,1787,1,1,NULL,NULL,NULL,12695,0
72000,28414,46,0,0,2019-06-01,200,1,0,1787,1,1,NULL,NULL,NULL,12696,0
72001,26763,46,0,0,2019-06-01,200,1,0,1787,1,1,NULL,NULL,NULL,12697,0
72002,27179,46,0,0,2019-06-01,200,1,0,1787,1,1,NULL,NULL,NULL,12698,0
72003,28049,46,0,0,2019-06-01,200,1,0,1787,1,1,NULL,NULL,NULL,12699,0
72004,26931,46,0,0,2019-06-01,200,1,0,1787,1,1,NULL,NULL,NULL,12701,0
72005,19041,46,0,0,2019-06-01,200,1,0,1787,1,1,NULL,NULL,NULL,12757,0
72006,28649,46,0,0,2019-06-01,200,1,0,1787,1,1,NULL,NULL,NULL,12787,0
72007,28308,46,0,0,2019-06-01,200,1,0,1787,1,1,NULL,NULL,NULL,12788,0
72008,28346,46,0,0,2019-06-01,200,1,0,1787,1,1,NULL,NULL,NULL,12789,0
72009,27405,46,0,0,2019-06-01,200,1,0,1787,1,1,NULL,NULL,NULL,12790,0
72010,26873,46,0,0,2019-06-01,200,1,0,1787,1,1,NULL,NULL,NULL,12791,0
72011,28313,46,0,0,2019-06-01,200,1,0,1787,1,1,NULL,NULL,NULL,12792,0
72012,27305,46,0,0,2019-06-01,200,1,0,1787,1,1,NULL,NULL,NULL,12794,0
72013,27306,46,0,0,2019-06-01,200,1,0,1787,1,1,NULL,NULL,NULL,12795,0
72014,28384,46,0,0,2019-06-01,200,1,0,1787,1,1,NULL,NULL,NULL,12797,0
72015,26127,46,0,0,2019-06-01,200,1,0,1787,1,1,NULL,NULL,NULL,12799,0
72016,26548,46,0,0,2019-06-01,200,1,0,1787,1,1,NULL,NULL,NULL,12800,0
72017,27559,46,0,0,2019-06-01,200,1,0,1787,1,1,NULL,NULL,NULL,12801,0
72018,28365,46,0,0,2019-06-01,200,1,0,1787,1,1,NULL,NULL,NULL,12802,0
72019,28397,46,0,0,2019-06-01,200,1,0,1787,1,1,NULL,NULL,NULL,12803,0
72020,28244,46,0,0,2019-06-01,200,1,0,1787,1,1,NULL,NULL,NULL,12804,0
72021,28399,46,0,0,2019-06-01,200,1,0,1787,1,1,NULL,NULL,NULL,12805,0
72022,28324,46,0,0,2019-06-01,200,1,0,1787,1,1,NULL,NULL,NULL,12806,0
72023,27965,46,0,0,2019-06-01,200,1,0,1787,1,1,NULL,NULL,NULL,12808,0
72024,28357,46,0,0,2019-06-01,200,1,0,1787,1,1,NULL,NULL,NULL,12811,0
72025,28190,46,0,0,2019-06-01,200,1,0,1787,1,1,NULL,NULL,NULL,12940,0
72026,28223,46,0,0,2019-06-01,200,1,0,1787,1,1,NULL,NULL,NULL,12957,0
72027,24626,46,0,0,2019-06-01,200,1,0,1787,1,1,NULL,NULL,NULL,12958,0
72028,29612,46,0,0,2019-06-01,200,1,0,1787,1,1,NULL,NULL,NULL,12959,0
72029,27933,46,0,0,2019-06-01,200,1,0,1787,1,1,NULL,NULL,NULL,12960,0
72030,28368,46,0,0,2019-06-01,200,1,0,1787,1,1,NULL,NULL,NULL,12962,0
72031,27523,46,0,0,2019-06-01,200,1,0,1787,1,1,NULL,NULL,NULL,13016,0
72032,27077,46,0,0,2019-06-01,200,1,0,1787,1,1,NULL,NULL,NULL,13017,0
72033,23451,46,0,0,2019-06-01,200,1,0,1787,1,1,NULL,NULL,NULL,13020,0
72034,26859,46,0,0,2019-06-01,200,1,0,1787,1,1,NULL,NULL,NULL,13086,0
72035,19177,46,0,0,2019-06-01,200,1,0,1787,1,1,NULL,NULL,NULL,13088,0
72036,29700,46,0,0,2019-06-01,200,1,0,1787,1,1,NULL,NULL,NULL,13090,0
72037,26001,46,0,0,2019-06-01,200,1,0,1787,1,1,NULL,NULL,NULL,13091,0
72038,29701,46,0,0,2019-06-01,200,1,0,1787,1,1,NULL,NULL,NULL,13092,0
72039,26657,46,0,0,2019-06-01,200,1,0,1787,1,1,NULL,NULL,NULL,13093,0
72040,27910,46,0,0,2019-06-01,200,1,0,1787,1,1,NULL,NULL,NULL,13095,0
72041,29702,46,0,0,2019-06-01,200,1,0,1787,1,1,NULL,NULL,NULL,13097,0
72042,27906,46,0,0,2019-06-01,200,1,0,1787,1,1,NULL,NULL,NULL,13099,0
72043,27671,46,0,0,2019-06-01,200,1,0,1787,1,1,NULL,NULL,NULL,13101,0
72044,27524,46,0,0,2019-06-01,200,1,0,1787,1,1,NULL,NULL,NULL,13102,0
72045,16775,46,0,0,2019-06-01,200,1,0,1787,1,1,NULL,NULL,NULL,13103,0
72046,26779,46,0,0,2019-06-01,200,1,0,1787,1,1,NULL,NULL,NULL,13105,0
72047,27669,46,0,0,2019-06-01,200,1,0,1787,1,1,NULL,NULL,NULL,13106,0
72048,26750,46,0,0,2019-06-01,200,1,0,1787,1,1,NULL,NULL,NULL,13107,0
72049,29703,46,0,0,2019-06-01,200,1,0,1787,1,1,NULL,NULL,NULL,13108,0
72050,27031,46,0,0,2019-06-01,200,1,0,1787,1,1,NULL,NULL,NULL,13109,0
72051,29705,46,0,0,2019-06-01,200,1,0,1787,1,1,NULL,NULL,NULL,13111,0
72052,29706,46,0,0,2019-06-01,200,1,0,1787,1,1,NULL,NULL,NULL,13112,0
72053,24049,46,0,0,2019-06-01,200,1,0,1787,1,1,NULL,NULL,NULL,13113,0
72054,29708,46,0,0,2019-06-01,200,1,0,1787,1,1,NULL,NULL,NULL,13115,0
72055,28057,46,0,0,2019-06-01,200,1,0,1787,1,1,NULL,NULL,NULL,13116,0
72056,29710,46,0,0,2019-06-01,200,1,0,1787,1,1,NULL,NULL,NULL,13118,0
72057,29711,46,0,0,2019-06-01,200,1,0,1787,1,1,NULL,NULL,NULL,13119,0
72058,26760,46,0,0,2019-06-01,200,1,0,1787,1,1,NULL,NULL,NULL,13120,0
72059,26969,46,0,0,2019-06-01,200,1,0,1787,1,1,NULL,NULL,NULL,13122,0
72060,29712,46,0,0,2019-06-01,200,1,0,1787,1,1,NULL,NULL,NULL,13123,0
72061,29713,46,0,0,2019-06-01,200,1,0,1787,1,1,NULL,NULL,NULL,13124,0
72062,29714,46,0,0,2019-06-01,200,1,0,1787,1,1,NULL,NULL,NULL,13125,0
72063,29715,46,0,0,2019-06-01,200,1,0,1787,1,1,NULL,NULL,NULL,13126,0
72064,19792,46,0,0,2019-06-01,200,1,0,1787,1,1,NULL,NULL,NULL,13128,0
72065,29732,46,0,0,2019-06-01,200,1,0,1787,1,1,NULL,NULL,NULL,13142,0
72066,26754,46,0,0,2019-06-01,200,1,0,1787,1,1,NULL,NULL,NULL,13143,0
72067,26583,46,0,0,2019-06-01,200,1,0,1787,1,1,NULL,NULL,NULL,13145,0
72068,20132,46,0,0,2019-06-01,200,1,0,1787,1,1,NULL,NULL,NULL,13147,0
72069,29733,46,0,0,2019-06-01,200,1,0,1787,1,1,NULL,NULL,NULL,13149,0
72070,27466,46,0,0,2019-06-01,200,1,0,1787,1,1,NULL,NULL,NULL,13150,0
72071,23450,46,0,0,2019-06-01,200,1,0,1787,1,1,NULL,NULL,NULL,13151,0
72072,27220,46,0,0,2019-06-01,200,1,0,1787,1,1,NULL,NULL,NULL,13153,0
72073,27221,46,0,0,2019-06-01,200,1,0,1787,1,1,NULL,NULL,NULL,13154,0
72074,29754,46,0,0,2019-06-01,200,1,0,1787,1,1,NULL,NULL,NULL,13250,0
72075,28707,46,0,0,2019-06-01,200,1,0,1787,1,1,NULL,NULL,NULL,13252,0
72076,17084,46,0,0,2019-06-01,200,1,0,1787,1,1,NULL,NULL,NULL,13253,0
72077,10460,46,0,0,2019-06-01,200,1,0,1787,1,1,NULL,NULL,NULL,13254,0
72078,26865,46,0,0,2020-09-01,200,1,0,1804,1,1,NULL,NULL,NULL,12057,0
72079,28751,46,0,0,2020-09-01,200,1,0,1804,1,1,NULL,NULL,NULL,12061,0
72080,28852,46,0,0,2020-09-01,200,1,0,1804,1,1,NULL,NULL,NULL,12068,0
72081,28866,46,0,0,2020-09-01,200,1,0,1804,1,1,NULL,NULL,NULL,12069,0
72082,28896,46,0,0,2020-09-01,200,1,0,1804,1,1,NULL,NULL,NULL,12081,0
72083,28920,46,0,0,2020-09-01,200,1,0,1804,1,1,NULL,NULL,NULL,12090,0
72084,28704,46,0,0,2020-09-01,200,1,0,1804,1,1,NULL,NULL,NULL,12093,0
72085,28931,46,0,0,2020-09-01,200,1,0,1804,1,1,NULL,NULL,NULL,12094,0
72086,28864,46,0,0,2020-09-01,200,1,0,1804,1,1,NULL,NULL,NULL,12095,0
72087,28934,46,0,0,2020-09-01,200,1,0,1804,1,1,NULL,NULL,NULL,12096,0
72088,28888,46,0,0,2020-09-01,200,1,0,1804,1,1,NULL,NULL,NULL,12104,0
72089,29070,46,0,0,2020-09-01,200,1,0,1804,1,1,NULL,NULL,NULL,12126,0
72090,28892,46,0,0,2020-09-01,200,1,0,1804,1,1,NULL,NULL,NULL,12156,0
72091,29201,46,0,0,2020-09-01,200,1,0,1804,1,1,NULL,NULL,NULL,12159,0
72092,27119,46,0,0,2020-09-01,200,1,0,1804,1,1,NULL,NULL,NULL,12160,0
72093,29206,46,0,0,2020-09-01,200,1,0,1804,1,1,NULL,NULL,NULL,12165,0
72094,29207,46,0,0,2020-09-01,200,1,0,1804,1,1,NULL,NULL,NULL,12166,0
72095,29208,46,0,0,2020-09-01,200,1,0,1804,1,1,NULL,NULL,NULL,12167,0
72096,28899,46,0,0,2020-09-01,200,1,0,1804,1,1,NULL,NULL,NULL,12192,0
72097,29269,46,0,0,2020-09-01,200,1,0,1804,1,1,NULL,NULL,NULL,12193,0
72098,28775,46,0,0,2020-09-01,200,1,0,1804,1,1,NULL,NULL,NULL,12207,0
72099,29277,46,0,0,2020-09-01,200,1,0,1804,1,1,NULL,NULL,NULL,12219,0
72100,29276,46,0,0,2020-09-01,200,1,0,1804,1,1,NULL,NULL,NULL,12220,0
72101,29193,46,0,0,2020-09-01,200,1,0,1804,1,1,NULL,NULL,NULL,12224,0
72102,29320,46,0,0,2020-09-01,200,1,0,1804,1,1,NULL,NULL,NULL,12239,0
72103,29332,46,0,0,2020-09-01,200,1,0,1804,1,1,NULL,NULL,NULL,12240,0
72104,29336,46,0,0,2020-09-01,200,1,0,1804,1,1,NULL,NULL,NULL,12243,0
72105,28928,46,0,0,2020-09-01,200,1,0,1804,1,1,NULL,NULL,NULL,12245,0
72106,29339,46,0,0,2020-09-01,200,1,0,1804,1,1,NULL,NULL,NULL,12246,0
72107,29397,46,0,0,2020-09-01,200,1,0,1804,1,1,NULL,NULL,NULL,12267,0
72108,29413,46,0,0,2020-09-01,200,1,0,1804,1,1,NULL,NULL,NULL,12270,0
72109,29401,46,0,0,2020-09-01,200,1,0,1804,1,1,NULL,NULL,NULL,12274,0
72110,28574,46,0,0,2020-09-01,200,1,0,1804,1,1,NULL,NULL,NULL,12278,0
72111,29446,46,0,0,2020-09-01,200,1,0,1804,1,1,NULL,NULL,NULL,12279,0
72112,29039,46,0,0,2020-09-01,200,1,0,1804,1,1,NULL,NULL,NULL,12284,0
72113,29466,46,0,0,2020-09-01,200,1,0,1804,1,1,NULL,NULL,NULL,12286,0
72114,29452,46,0,0,2020-09-01,200,1,0,1804,1,1,NULL,NULL,NULL,12288,0
72115,29405,46,0,0,2020-09-01,200,1,0,1804,1,1,NULL,NULL,NULL,12291,0
72116,29483,46,0,0,2020-09-01,200,1,0,1804,1,1,NULL,NULL,NULL,12295,0
72117,29496,46,0,0,2020-09-01,200,1,0,1804,1,1,NULL,NULL,NULL,12311,0
72118,29497,46,0,0,2020-09-01,200,1,0,1804,1,1,NULL,NULL,NULL,12312,0
72119,29503,46,0,0,2020-09-01,200,1,0,1804,1,1,NULL,NULL,NULL,12314,0
72120,28975,46,0,0,2020-09-01,200,1,0,1804,1,1,NULL,NULL,NULL,12319,0
72121,29469,46,0,0,2020-09-01,200,1,0,1804,1,1,NULL,NULL,NULL,12322,0
72122,29192,46,0,0,2020-09-01,200,1,0,1804,1,1,NULL,NULL,NULL,12324,0
72123,29470,46,0,0,2020-09-01,200,1,0,1804,1,1,NULL,NULL,NULL,12325,0
72124,29246,46,0,0,2020-09-01,200,1,0,1804,1,1,NULL,NULL,NULL,12326,0
72125,29529,46,0,0,2020-09-01,200,1,0,1804,1,1,NULL,NULL,NULL,12328,0
72126,29530,46,0,0,2020-09-01,200,1,0,1804,1,1,NULL,NULL,NULL,12329,0
72127,29531,46,0,0,2020-09-01,200,1,0,1804,1,1,NULL,NULL,NULL,12330,0
72128,29532,46,0,0,2020-09-01,200,1,0,1804,1,1,NULL,NULL,NULL,12331,0
72129,27008,46,0,0,2020-09-01,200,1,0,1804,1,1,NULL,NULL,NULL,12340,0
72130,29337,46,0,0,2020-09-01,200,1,0,1804,1,1,NULL,NULL,NULL,12346,0
72131,29525,46,0,0,2020-09-01,200,1,0,1804,1,1,NULL,NULL,NULL,12355,0
72132,29444,46,0,0,2020-09-01,200,1,0,1804,1,1,NULL,NULL,NULL,12356,0
72133,29407,46,0,0,2020-09-01,200,1,0,1804,1,1,NULL,NULL,NULL,12363,0
72134,29438,46,0,0,2020-09-01,200,1,0,1804,1,1,NULL,NULL,NULL,12365,0
72135,29606,46,0,0,2020-09-01,200,1,0,1804,1,1,NULL,NULL,NULL,12373,0
72136,29619,46,0,0,2020-09-01,200,1,0,1804,1,1,NULL,NULL,NULL,12648,0
72137,29629,46,0,0,2020-09-01,200,1,0,1804,1,1,NULL,NULL,NULL,12810,0
72138,28657,46,0,0,2020-09-01,200,1,0,1804,1,1,NULL,NULL,NULL,12815,0
72139,29659,46,0,0,2020-09-01,200,1,0,1804,1,1,NULL,NULL,NULL,12929,0
72140,29411,46,0,0,2020-09-01,200,1,0,1804,1,1,NULL,NULL,NULL,12931,0
72141,26432,46,0,0,2020-09-01,200,1,0,1804,1,1,NULL,NULL,NULL,12932,0
72142,29682,46,0,0,2020-09-01,200,1,0,1804,1,1,NULL,NULL,NULL,13008,0
72143,29688,46,0,0,2020-09-01,200,1,0,1804,1,1,NULL,NULL,NULL,13014,0
72144,29689,46,0,0,2020-09-01,200,1,0,1804,1,1,NULL,NULL,NULL,13015,0
72145,29194,46,0,0,2020-09-01,200,1,0,1804,1,1,NULL,NULL,NULL,13031,0
72146,29668,46,0,0,2020-09-01,200,1,0,1804,1,1,NULL,NULL,NULL,13046,0
72147,29696,46,0,0,2020-09-01,200,1,0,1804,1,1,NULL,NULL,NULL,13050,0
72148,28512,46,0,0,2020-09-01,200,1,0,1804,1,1,NULL,NULL,NULL,13131,0
72149,29672,46,0,0,2020-09-01,200,1,0,1804,1,1,NULL,NULL,NULL,13134,0
72150,29520,46,0,0,2020-09-01,200,1,0,1804,1,1,NULL,NULL,NULL,13240,0
72151,29765,46,0,0,2020-09-01,200,1,0,1804,1,1,NULL,NULL,NULL,13288,0
72152,29092,46,0,0,2020-09-01,200,1,0,1804,1,1,NULL,NULL,NULL,13593,0
72153,30041,46,0,0,2020-09-01,200,1,0,1804,1,1,NULL,NULL,NULL,13787,0
